clean_tokens,count
কত,283
কোন,199
একটি,120
ও,89
কোনটি,89
হয়,84
অর্থ,83
থেকে,79
ভাবার্থ,75
শাব্দিক,75
হলে,72
টাকা,68
সালে,65
কাজ,65
পর,64
বাংলাদেশের,63
করতে,61
হবে,61
একই,56
করে,55
–,49
কে,48
শেষ,46
কিমি,45
করেন,43
ঘণ্টায়,42
মোট,40
কি,40
পারে,38
নিচের,38
প্রথম,37
একা,37
দিনে,37
নাম,37
করলে,35
মধ্যে,35
দিন,34
অবস্থিত,32
সংখ্যা,32
এবং,32
যথাক্রমে,31
বাস,27
শুরু,26
তার,26
হলো,24
নতুন,24
অনুপাত,23
দাম,23
দিকে,23
কাজটি,22
ঘণ্টা,22
দূরত্ব,22
মিনিট,22
কবে,21
হতে,21
একসাথে,21
কোনো,21
বাংলা,21
কোথায়,21
দৈর্ঘ্য,20
৪,20
লিটার,20
জন্য,19
মান,19
ক,18
খ,18
৫,18
ছিলেন,18
বাংলাদেশ,17
বাংলাদেশে,17
২,17
১২,17
বছর,17
ব্যক্তি,17
দুইটি,17
তিনটি,17
আছে,17
প্রকাশিত,17
নয়,17
লাগবে,16
৮,16
যদি,16
কার,16
x,16
ঢাকা,15
কিলোমিটার,15
বার,15
৬,15
একত্রে,15
২০,15
দ্বিতীয়,15
পাবেন,15
দুইজন,15
তারা,15
জ্বলে,15
বলে,15
দুই,14
১,14
সরল,14
সময়ে,14
পানি,14
এই,14
রচনা,14
হয়েছে,14
বেশি,14
নজরুল,13
ছিল,13
১০,13
বার্ষিক,13
৩,13
স্থান,13
প্রতি,13
চিনি,13
পানির,13
জন,13
গড়,13
সমান,13
ধরনের,13
কাজী,12
জন্মগ্রহণ,12
নির্মাণ,12
সমাপ্ত,12
তা,12
যায়,12
উপর,12
বৃদ্ধি,12
পরে,12
তিনি,12
রওনা,12
যাত্রা,12
তবে,12
নম্বর,12
উপন্যাসটি,12
দেশ,12
শব্দের,12
শতকরা,12
কোথায়,11
মিলিত,11
গ,11
৯,11
১৫,11
২৫,11
পর্যন্ত,11
মূল্য,11
সুদ,11
তিন,11
বণ্টন,11
মুহূর্তে,11
আজ,11
সালের,11
অংশ,11
উপন্যাসের,11
হচ্ছে,11
সদস্য,11
রচয়িতা,11
2,11
প্রধান,10
বলা,10
হন,10
একে,10
তিনজনে,10
বয়সের,10
তাদের,10
বিক্রয়মূল্য,10
দাঁড়াবে,10
পণ্যের,10
দফায়,10
দামের,10
পণ্যটির,10
বছরের,10
ব্যবসায়িক,10
অংশীদারের,10
অনুপাতে,10
অংশীদার,10
শহরের,10
বেগে,10
হবেন,10
মিশ্রণে,10
মিশ্রণ,10
তাতে,10
গঠন,10
সপ্তাহের,10
হিসেবে,10
লাভ,10
বর্তমান,10
লেখা,10
ভাষা,10
জাতীয়,10
ক্ষেত্রফল,10
সদর,10
সংখ্যাটি,10
সাথে,9
মাছের,9
জাতীয়,9
এক,9
সম্পন্ন,9
৪০,9
১৬,9
হয়েছিল,9
শহর,9
অপরের,9
করার,9
একজন,9
থাকে,9
বলতে,9
সময়,9
সবচেয়ে,9
সংবিধানের,9
হয়েছিল,9
দপ্তর,9
তারিখে,8
কতটি,8
দেওয়া,8
রবীন্দ্রনাথ,8
নদীর,8
বিশ্ব,8
দেয়,8
রহিম,8
আবার,8
সংখ্যার,8
শিক্ষার্থীর,8
অনুযায়ী,8
শরৎচন্দ্র,8
চট্টোপাধ্যায়ের,8
আইন,8
সর্বোচ্চ,8
ব্যবহার,8
শুদ্ধ,8
শব্দ,8
না,8
দেশের,8
মৌলিক,8
টাকায়,8
দিবস,7
পদ্মা,7
নদী,7
প্রতিষ্ঠিত,7
বর্গ,7
করিম,7
সেই,7
দুজনে,7
৫০,7
২৪,7
সমষ্টি,7
ছাগলের,7
বিক্রি,7
টাকায়,7
বর্তমানে,7
সুদের,7
৭,7
দুইটির,7
গতি,7
মধ্যবর্তী,7
সংকেত,7
ওঠে,7
যুক্ত,7
বসু,7
অনুষ্ঠিত,7
কবিতা,7
ডিএনএ,7
—,7
ত্রিভুজের,7
ব্যবহৃত,7
সঠিক,7
কম্পিউটার,7
চালু,7
হার,7
সাধারণ,7
0,7
রয়েছে,6
একাই,6
২৭,6
৬০,6
মেয়ের,6
২৮,6
ক্রয়মূল্য,6
পণ্য,6
কমে,6
প্রাথমিক,6
প্রথমে,6
বছরে,6
ঋণ,6
একটির,6
গতিবেগ,6
অন্যটির,6
সাইকেল,6
আরোহী,6
বিন্দু,6
একজনের,6
অপরজনের,6
পুনরায়,6
অন্তর,6
মধ্য,6
জনকে,6
নিয়ে,6
প্যানেল,6
উপকমিটি,6
পরবর্তী,6
আরেকটি,6
ভারতের,6
পরিমাণ,6
কিসের,6
রচিত,6
লেখক,6
জাতিসংঘের,6
সংস্থার,6
রচয়িতা,6
মিটার,6
y,6
আমার,6
পরিচিত,6
এ,6
যায়,6
ঐ,6
বলো,6
আন্তর্জাতিক,6
কারণ,6
ইসলাম,5
নয়,5
কথা,5
শেখ,5
স্বীকৃতি,5
ইসলামের,5
নেই,5
ঠাকুরের,5
ছদ্মনাম,5
মর্যাদা,5
৫৬,5
৪২,5
বয়স,5
ছোট,5
দ্রব্যের,5
ক্ষতিতে,5
কেনা,5
লাভে,5
বিক্রয়,5
যা,5
বেড়ে,5
এরপর,5
শুরুর,5
বর্ধিত,5
ছাড়,5
মূলধনে,5
হারে,5
সুদে,5
দিলে,5
বাতি,5
একবার,5
ওঠার,5
উঠবে,5
স্টপেজ,5
ছাড়ে,5
ছাড়ার,5
ছাড়বে,5
১১,5
নির্বাচন,5
পড়বে,5
একদিন,5
দিনটি,5
টি,5
রাশির,5
গড়মান,5
তালিকায়,5
রাশি,5
দাঁড়ায়,5
রাশিটির,5
যোগ,5
সত্যেন্দ্রনাথ,5
মুসলিম,5
বঙ্কিমচন্দ্র,5
দুটি,5
গ্রন্থ,5
5,5
সমাধান,5
মূল,5
মাধ্যমে,5
সংবিধান,5
ওপর,5
তৈরি,5
গঠিত,5
অন্তর্ভুক্ত,5
নির্দেশ,5
সর্বাধিক,5
সাহিত্যে,5
দেশে,5
যুক্তরাষ্ট্রের,5
নামে,5
অন্য,5
1,5
অনুযায়ী,5
কোণের,5
দেশটি,5
of,5
3,5
মূল্যবোধ,5
কয়টি,5
গুণ,5
বড়,5
সরকার,4
স্বাধীনতা,4
মুখ,4
ঠাকুর,4
যমুনা,4
মুজিবুর,4
সুন্দরবন,4
জেলায়,4
পান,4
কাব্যগ্রন্থ,4
বিশ্ববিদ্যালয়,4
সুন্দরবনের,4
সক্ষম,4
সময়,4
প্রকল্প,4
৫৫,4
৩৬,4
মা,4
ভাইয়ের,4
কাতলা,4
৩১০০,4
৩২,4
২৩,4
১৪,4
সম্ভব,4
শ্রেণীর,4
শিক্ষার্থী,4
দেওয়ার,4
জগদীশচন্দ্র,4
মৃত্যু,4
আল,4
সংসদ,4
লালবাগ,4
আহসান,4
কয়টি,4
বিভক্ত,4
উপন্যাসে,4
দেন,4
উপন্যাস,4
ধারা,4
বাংলার,4
‘,4
কবি,4
অন্যতম,4
স্বাক্ষরিত,4
সঙ্গে,4
আন্দোলন,4
কার্যক্রম,4
বাংলায়,4
ভাষায়,4
বিশিষ্ট,4
ফুট,4
শতাংশ,4
পত্রিকার,4
দ্বারা,4
বাক্য,4
লক্ষ্য,4
গ্যাস,4
ইউরোপীয়,4
পদ,4
বাংলাদেশকে,4
উন্নয়ন,4
দেখা,4
গ্রন্থের,4
বুঝায়,4
সেট,4
তাহলে,4
ক্ষতি,4
বৃহত্তম,4
বানান,4
যুক্তরাষ্ট্র,4
রয়েছে,4
নিম্নের,4
বৈশিষ্ট্য,4
ঘোষণা,4
স্থানে,4
আধুনিক,4
ফলে,4
সমবাহু,4
বাহুর,4
সত্য,4
সামরিক,4
বয়স,4
নিজের,3
গ্রহণ,3
বিশ্ববিদ্যালয়ে,3
বিভাগ,3
রহমান,3
কথার,3
যাওয়া,3
মেঘনা,3
হাত,3
উপাধিতে,3
ভূষিত,3
টাকার,3
জল,3
নিপাতনে,3
সিদ্ধ,3
নারী,3
উৎস,3
ইসলামকে,3
আর,3
উভয়ে,3
প্রকল্পটি,3
২১,3
৪৫,3
পরিবারে,3
উভয়ের,3
খামারে,3
গরু,3
পশুর,3
রুই,3
৩৯,3
৫৯,3
৪০০,3
উক্ত,3
২০০,3
৭০০,3
৮০০,3
৩০০,3
১০০,3
৫১,3
৫৭,3
৩৫,3
৩৪,3
৭৫,3
৩৩,3
প্রার্থীর,3
কতভাবে,3
ক্লাবের,3
সদস্যের,3
এভাবে,3
গঠনের,3
উপায়,3
বুধবার,3
বৃহস্পতিবার,3
শুক্রবার,3
১৭,3
সেতুর,3
উত্তর,3
শহীদ,3
মিনারের,3
কেল্লার,3
গৃহীত,3
কাব্য,3
চট্টোপাধ্যায়,3
২০১৪,3
৩০,3
উদ্দেশ্যে,3
পরিবর্তন,3
কারাদণ্ড,3
হয়েছে,3
ক্ষেত্রে,3
কম,3
আইনের,3
সমাস,3
তৎকালীন,3
প্রায়,3
হলাে,3
দক্ষিণ,3
রাজনৈতিক,3
বিষয়,3
বিষয়টি,3
অনুচ্ছেদে,3
AB,3
ভাষার,3
মার্চ,3
যেন,3
বিভিন্ন,3
নির্বাচিত,3
ক্রিয়া,3
করুন,3
সাল,3
পারবে,3
সম্পাদক,3
সর্বপ্রথম,3
সব,3
আয়তাকার,3
কক্ষের,3
প্রস্থ,3
শ্রেণির,3
কাব্যগ্রন্থের,3
কখন,3
জনক,3
9,3
পূর্ণ,3
পৃথিবীর,3
মুখে,3
অপারেটিং,3
সিস্টেম,3
তারিখ,3
পুরুষের,3
মহিলা,3
একমাত্র,3
নাটক,3
মেমোরি,3
ব্যাংকের,3
বাজতে,3
A,3
x²,3
পত্রিকা,3
সমার্থক,3
স্টেশন,3
ঘণ্টায়,3
একটা,3
ট্রেন,3
পাওয়া,3
অন্তর্গত,3
হয়েও,3
অব,3
a,3
b,3
c,3
তাকে,3
Development,3
একক,3
জোট,3
শহরে,3
আসল,3
6,3
উপসর্গটি,3
রাজশাহীর,3
বিশ্বব্যাংক,3
বানানটি,3
রাখলেন,3
লোক,3
বিদ্যুৎ,3
অবস্থায়,3
বিখ্যাত,3
দ্বিগুণ,3
পদার্থ,3
রপ্তানি,3
গণপ্রজাতন্ত্রী,3
ক্ষমতা,3
উদাহরণ,3
কোণ,3
সেমি,3
z,3
চালের,3
চেয়ে,3
সংযুক্ত,3
এমন,3
20,3
B,3
করবে,3
সংসদের,3
টুকরোর,3
বিক্রয়,3
অর্থনৈতিক,3
যোগফল,3
কতদিনে,3
পরিণত,3
প্রদান,3
অধিবেশন,3
সেকেন্ডে,3
অপেক্ষা,3
বয়সের,3
প্রবর্তক,3
ঢাক,2
নিজে,2
মুজিবনগর,2
শপথ,2
চাল,2
পেটে,2
বিদ্যে,2
থাকা,2
মৃত্যুবরণ,2
বড়,2
তত,2
ধরা,2
ভাঙা,2
পরের,2
মারা,2
দিয়ে,2
ইউনেস্কো,2
ঐতিহ্যবাহী,2
স্থানের,2
পায়,2
২০০৪,2
পুরস্কার,2
প্রাণ,2
মুদ্রিত,2
বহুবচন,2
সৃষ্টি,2
লাভের,2
মতো,2
খাঁই,2
অংশের,2
হাতে,2
নেওয়া,2
এগারো,2
গা,2
ছেলে,2
নারদ,2
ফেলা,2
যৌথভাবে,2
নেবে,2
৫৪,2
৮০,2
১১৮,2
১১৪,2
১৩৫,2
পুকুরে,2
১৭১,2
পণ্যটি,2
৬০০,2
৯০০,2
১৬৮,2
৮২,2
৮৩,2
৪৩,2
২৯,2
২৪০,2
৩৬০,2
৫৮,2
১৩,2
৯০,2
১৪০,2
৮৮,2
২৬,2
১৮,2
৩১,2
ডিলিট,2
বিজ্ঞানী,2
বসুর,2
দান,2
সেতুতে,2
হিসাব,2
কতগুলো,2
বেঙ্গল,2
সাকিব,2
টেস্ট,2
মেট্রোরেলের,2
উত্তরা,2
আগারগাঁও,2
উদ্বোধন,2
ভবনের,2
কক্সবাজার,2
সৈকতের,2
মঞ্জিলের,2
প্রতিষ্ঠার,2
সিদ্ধান্ত,2
দেবদাস,2
পথের,2
পাঁচালী,2
গোরা,2
প্রেমিকার,2
কপালকুণ্ডলা,2
শেষের,2
প্রকাশ,2
গ্রন্থাকারে,2
রাজসিংহ,2
চতুর্থ,2
সংস্করণ,2
উপাধি,2
দুর্গেশনন্দিনী,2
কৃষ্ণকান্তের,2
উইল,2
সর্বশেষ,2
দূষিত,2
ন্যূনতম,2
তে,2
বাল্যবিবাহ,2
নিরোধ,2
১৯২৯,2
মাস,2
অধিকার,2
২০০৯,2
কার্যকর,2
‘লাঠালাঠি’,2
শব্দটির,2
রাজা,2
মন্বন্তর’,2
রচনার,2
সাম্প্রতিক,2
প্রশ্ন,2
তাই,2
চা,2
ধাতু,2
নিরপেক্ষ,2
উষ্ণতম,2
পার্থক্য,2
সংশ্লিষ্ট,2
সংবিধানে,2
আন্দোলনভিত্তিক,2
মৎস্য,2
ছেদ,2
গাণিতিক,2
বাক্যটি,2
বাস্তব,2
13,2
অসমতাটির,2
বঙ্গবন্ধুর,2
১৯৭১,2
পূর্ব,2
সেটি,2
‘আমার,2
নাটকটির,2
তহবিল,2
বিভাগের,2
ইউরোপীয়,2
ব্যাংক,2
গদ্যের,2
ভারতীয়,2
পদের,2
NIPORT,2
অ্যান্ড,2
কোম্পানি,2
উৎপাদিত,2
সারের,2
কন্যা’,2
ব্যবস্থা,2
সংশোধনীর,2
কোনটির,2
অর্থে,2
পায়,2
যখন,2
দড়ি,2
মুদ্রণ,2
বর্গমিটার,2
বাড়ালে,2
অপরিবর্তিত,2
নীতিবিদ্যার,2
আলোচ্য,2
দিক,2
সহযোগিতা,2
সর্ববৃহৎ,2
প্রবর্তিত,2
গ্রন্থটি,2
px,2
প্রকার,2
মালয়েশিয়ার,2
প্রধানমন্ত্রী,2
মাহাথির,2
ক্ষমতায়,2
স্থপতি,2
ধ্বনি,2
and,2
–এর,2
ঘরের,2
‘ভাষা,2
মানুষের,2
আসে,2
গেলে,2
শুধু,2
প্রোগ্রাম,2
শব্দগুলো,2
চিত্রটি,2
√3,2
নিম্নলিখিত,2
আগে,2
জন্মদিন,2
বণিকদের,2
‘তুমি,2
সুন্দর,2
সম্মেলন,2
সদস্যপদ,2
নাগরিক,2
আশ্রয়,2
ভাইয়ের,2
মহিলার,2
সম্পর্ক,2
নিয়োগ,2
আবিষ্কৃত,2
ভারসাম্য,2
রক্ষা,2
চিত্রের,2
ওজন,2
রাখতে,2
কাঁচামাল,2
ইনপুট,2
আউটপুট,2
ডিভাইস,2
হিসাবে,2
ভাগ,2
শব্দটি,2
পার্বত্য,2
শান্তিচুক্তি,2
বোঝায়,2
কর্তৃক,2
ঘড়িতে,2
লাগে,2
ঘণ্টাধ্বনি,2
x³,2
30,2
চিন্তার,2
চাষ,2
সাহিত্যের,2
দ্বীপ,2
জেলায়,2
16,2
পানিতে,2
বিদ্যাসাগরের,2
আত্মজীবনী,2
সাহেবের,2
বেতন,2
10,2
হল,2
চট্টগ্রাম,2
চলে,2
ট্রেনের,2
পাবে,2
গ্রন্থটির,2
ব্যবস্থাপনার,2
কাজকে,2
সর্বপ্রথমে,2
‘বিদ্রোহী’,2
বাতাসে,2
নেয়,2
সংশোধন,2
‘সোয়াচ,2
নো,2
গ্রাউন্ড’,2
সম্পাদিত,2
d,2
স্থাপিত,2
নিজেই,2
প্রেসিডেন্ট,2
হ্রদ,2
খাদ্য,2
কৃষি,2
ঐতিহাসিক,2
তুলনা,2
3x,2
নির্বাহী,2
বিচার,2
দর্পণ’,2
কম্পিউটারের,2
রওয়ানা,2
মিনিটের,2
হওয়ার,2
অঙ্গ,2
ধরণের,2
বন্যা,2
মানে,2
একটিকে,2
অথবা,2
সম্ভাবনা,2
যুদ্ধের,2
পরিষদে,2
for,2
ইনস্টিটিউট,2
রক্তে,2
আয়তন,2
কাকে,2
হয়ে,2
সংস্থা,2
এটি,2
সেলিম,2
দীনের,2
সংসদে,2
কাছে,2
নেন,2
পরিবেশ,2
IMF,2
ধীরে,2
খরচ,2
সুশাসনের,2
প্রযুক্ত,2
থাকবে,2
গুরুত্বপূর্ণ,2
অবস্থান,2
বনভূমি,2
শালবৃক্ষের,2
বঙ্গভঙ্গ,2
রদ,2
নিম্নোক্ত,2
দফা,2
ক্ষেত্রের,2
হ্রাস,2
প্রাকৃতিক,2
লেখকের,2
কেন,2
৪টি,2
চিহ্নের,2
ক্ষতির,2
রাষ্ট্রভাষা,2
হয়—,2
গ্রীন,2
হাউজ,2
প্রশ্নবোধক,2
বসবে,2
কাব্যের,2
প্রােটিন,2
আদর্শ,2
উৎসের,2
অভ্যন্তরীণ,2
রেখার,2
অঙ্কিত,2
বায়ুমণ্ডলে,2
যাওয়ার,2
আলোর,2
অ্যালুমিনিয়াম,2
রাজধানী,2
স্থানান্তরিত,2
যুক্তরাষ্ট্রে,2
প্রথা,2
দাবি,2
অনুচ্ছেদ,2
গ্যাসটি,2
বঙ্গবন্ধু,2
বেড়ে,2
প্রটোকল,2
ডিজিটাল,2
মিনারটির,2
উচ্চতা,2
‘বীরবল’,2
ইউরোপের,2
সবচেয়ে,2
আটলান্টিক,2
যাওয়ায়,2
এমনভাবে,2
কমালেন,2
ব্যয়,2
শ্রেণিতে,2
বাঙালি,2
বাদশা,2
মুদ্রার,2
‘অগ্নিবীণা’,2
কতগুণ,2
নিয়ে,2
উপাদান,2
কতভাগ,2
15,2
সময়ের,2
করেছেন,2
২০২১,2
জনসংখ্যা,2
মতে,2
আয়ের,2
কিনে,2
রোগের,2
সীমান্ত,2
যন্ত্র,2
রাসায়নিক,2
নাটকের,2
বাক্যের,2
সবচাইতে,2
২টি,2
the,2
চুক্তি,2
দামাল,2
ক্ষুদ্র,2
ত্রিভুজটির,2
ভূমির,2
পত্রিকাটি,2
টেকসই,2
CPU,2
খাত,2
নবায়নযোগ্য,2
প্রত্যক্ষ,2
বস্তুর,2
ঘটে,2
পেশ,2
সার্ক,2
উপসর্গ,2
ডিগ্রি,2
পরিষদের,2
বিশেষ্য,2
AC,2
নামক,2
band,2
কলার,2
12,2
2টি,2
ক্ষুদ্রতম,2
মনে,2
প্রাণী,2
চট্টোপাধ্যায়ের,2
শব্দে,2
ধাতুর,2
প্রত্যয়,2
ভিত্তি,2
পরিবার,2
খাওয়া,2
কমালো,2
বাবদ,2
সকল,2
আমরা,2
বর্গক্ষেত্রের,2
জাতিসংঘ,2
নৈতিক,2
গুরুত্ব,2
আগত,2
অঙ্ক,2
তিনগুণ,2
হয়—,2
হাউস,2
পাচ্ছে,2
যন্ত্রের,2
পরমাণুর,2
সম্পর্কিত,2
সেন্টিমিটারের,2
দৈর্ঘ্যের,2
গবেষণা,2
মূলধন,2
স্বাক্ষর,2
স্ত্রীর,2
ছেলের,2
বয়সকে,2
আমাদের,2
যেখানে,2
‘ভানুসিংহ,2
পুস্তক,2
আপনার,2
‘A’,2
লজিক,2
জোহুকুমের,1
দল,1
ফ্ল্যাট,1
সচরাচর,1
স্বীকারোক্তি,1
খটখটে,1
রোদ,1
লক্ষ্মীর,1
পুত্র,1
ভিক্ষা,1
মাগে,1
হাতকর্জ,1
ঢেঁড়স,1
পেটা,1
দাদা,1
হজম,1
বোড়ের,1
বুক,1
চড়চড়,1
ইলাজ,1
বাজিমাত,1
কানকথা,1
ছিটেফোঁটা,1
এমুড়োওমুড়ো,1
বেলা,1
ফুরানো,1
বসিয়ে,1
আপকা,1
ওয়াস্তে,1
যত,1
গেঁড়ে,1
ঘরেঘরে,1
দৃষ্টির,1
ব্যামো,1
কালঘুম,1
আমড়াগাছি,1
বানের,1
জলে,1
ভেসে,1
আসা,1
ধামা,1
টিফিন,1
বিজয়,1
ওজরআপত্তি,1
ঘাড়,1
চালুমাল,1
ধুকধুকানি,1
হাতানো,1
নাড়িনক্ষত্র,1
পেঁচি,1
পড়ে,1
ঝরঝরে,1
ছুটকো,1
ঝক,1
হাবড়হাটি,1
ফতোয়া,1
উপনদী,1
মুখশুদ্ধি,1
ধান্ধা,1
অনুষদ,1
শুকিয়ে,1
আমশি,1
দেয়ালে,1
পিঠ,1
ঠেকে,1
বুকে,1
অগ্নিশর্মা,1
নেহাত,1
বিবিসি,1
জরিপে,1
রহমানকে,1
ফইজত,1
উঠন্তমুলোর,1
পত্তনিতে,1
চেনা,1
রচনাটি,1
রণসঙ্গীত,1
নোবেল,1
ফাঁদা,1
কাঁচা,1
সোনা,1
চালচূলো,1
দন্তস্ফুট,1
চিতা,1
আঠা,1
শ্রীখণ্ড,1
একঝাঁকের,1
কৈ,1
খাইখরচ,1
কাপ্তেনি,1
এক্তিয়ার,1
যমে,1
টিকা,1
মাদুরে,1
শুয়ে,1
লাখ,1
স্বপ্ন,1
দাগা,1
অক্কা,1
পাওয়া,1
কইমাছের,1
দিগগজ,1
নিহত,1
বিষনজরে,1
পড়া,1
কাবার,1
ফোকলারাম,1
ছালপুরু,1
পোঁদপাকা,1
পরকাল,1
ছাতুখোর,1
খোঁয়াড়ি,1
মুখের,1
মত,1
চর্বিতচর্বণ,1
পরাঙ্মুখ,1
ধারকর্জ,1
কানে,1
রাখা,1
ক্ষণভঙ্গুর,1
গৌরবে,1
ভূমিকম্পে,1
গাঁতি,1
ব্যাঙ,1
খোঁচানো,1
বছরকার,1
খুঁটিনাটি,1
দোলাচল,1
রক্তচক্ষু,1
আহ্লাদে,1
আটখানা,1
উটকা,1
অপারেশন,1
সার্চলাইট,1
উজানের,1
কই,1
কালামুখ,1
ঢেঁকি,1
অবতার,1
কর্মনাশা,1
ভেটকি,1
যমের,1
অরুচি,1
দুইয়ের,1
গজগজ,1
কড়া,1
পা,1
টিপে,1
চলা,1
বাঁধুনি,1
খোলা,1
আয়তন,1
গজকচ্ছপ,1
ভাঙাবুক,1
গবা,1
শোয়াবসা,1
বিয়েশাদি,1
কবির,1
তিতিবিরক্ত,1
খসা,1
উকুন,1
বাছা,1
বিড়ালের,1
গলায়,1
তুলসীমালা,1
জানবাড়ী,1
চাটনি,1
খাদের,1
কিনারে,1
মাথাঘষা,1
নয়নমণি,1
চরণদাস,1
নরকে,1
রাস্তা,1
বন্ধ,1
মাখামাখি,1
কপালে,1
নড়তে,1
চড়তে,1
বারোমাস,1
দণ্ডমুণ্ডের,1
কর্তা,1
গতর,1
সাগর,1
ভটচাজ্জি,1
পুঁটিমাছের,1
ফরফরানি,1
ভাজাভাজা,1
আটাশে,1
হাঁকডাক,1
থানা,1
হাড়,1
হিম,1
ঠাণ্ডা,1
কাপড়,1
খারাপ,1
লাগাম,1
দোজোবর,1
ক্রোড়পতি,1
হুড়মুড়,1
জলজ্যান্ত,1
প্রমাণ,1
৬৬,1
০,1
৪৮,1
৯৭,1
১৬০,1
৭২,1
২৮৫,1
১১৩,1
৭১০,1
১১৯,1
২১০,1
৯১০,1
৯১২,1
৩৫০০,1
১৪০০,1
১৭০০,1
১৮০,1
৩২৪,1
২৩৮,1
৫৪৫,1
৫৬৬,1
১২৬,1
৪২১,1
৬৫১,1
৫১৪,1
৩৫৬,1
১০৮,1
৫৫২,1
৪৬২,1
৩১৫,1
৩৮,1
৯৩,1
৮৯,1
৫৩,1
৪১,1
৭৮,1
৬৩,1
৬৮,1
৩৩২,1
৪২০,1
২৩০,1
৫১০,1
৩৪২,1
৪০২,1
২৪৩,1
২২,1
১২০,1
৬১,1
৪৭,1
৮৭,1
শনিবার,1
মঙ্গলবার,1
সোমবার,1
১৯,1
৪৪,1
রাজদ্রোহিতার,1
অভিযোগে,1
কারাবন্দী,1
সম্মানসূচক,1
গ্রামে,1
মৃত্যুর,1
পূর্বে,1
সঞ্চিত,1
অর্থের,1
বিজ্ঞান,1
মন্দিরকে,1
স্প্যান,1
পিলার,1
রামসার,1
সুন্দরবনে,1
রয়েল,1
টাইগার,1
জানা,1
আয়তনের,1
হাসান,1
হাসানের,1
অভিষেক,1
মতিঝিল,1
অংশে,1
যাত্রী,1
চলাচল,1
আইএসসি,1
পরীক্ষায়,1
শিক্ষকতাকালীন,1
প্লাঙ্কের,1
কোয়ান্টাম,1
তেজস্ক্রিয়তা,1
নীতি,1
ক্লাসিক্যাল,1
পদার্থবিজ্ঞানের,1
সাহায্য,1
ছাড়াই,1
প্রতিপাদন,1
ভারত,1
বসুকে,1
অধ্যাপক,1
নিয়োগ,1
ঢাকায়,1
প্রথমবারের,1
মিনার,1
সমুদ্র,1
ইনানী,1
সৈকত,1
ভরা,1
জোয়ারে,1
গড়ে,1
প্রশস্ত,1
শায়েস্তা,1
খাঁ,1
নির্দেশে,1
মঞ্জিলে,1
বৈঠকে,1
লীগ,1
মঞ্জিল,1
জাদুঘরের,1
আনুষ্ঠানিক,1
আনন্দমঠ,1
বন্দে,1
মাতরম্‌,1
গানটি,1
গান,1
বিভূতিভূষণ,1
বন্দ্যোপাধ্যায়ের,1
খণ্ডে,1
পরিচ্ছেদে,1
গোরার,1
বিনয়ের,1
গিরিশচন্দ্র,1
ঘোষ,1
নাট্যরূপ,1
ধারাবাহিক,1
বিষবৃক্ষ,1
মাইকেল,1
মধুসূদন,1
দত্তের,1
মেঘনাদবধ,1
সর্গে,1
কলিকাতা,1
জগত্তারিণী,1
স্বর্ণপদক,1
পল্লীসমাজ,1
বড়দিদি,1
বঙ্কিমচন্দ্রের,1
জীবিতকালে,1
অসৎ,1
নমুনা,1
ধ্বংস,1
অননুমোদিতভাবে,1
ডাটাবেইজে,1
প্রবেশ,1
প্রোফাইল,1
তৈরির,1
নমুনায়,1
জেনেটিক,1
মার্কার,1
প্রয়োজন,1
সংজ্ঞায়িত,1
পুরুষদের,1
শিশু,1
child,1
বয়সীকে,1
বোঝানো,1
অধীন,1
জারিকৃত,1
নিষেধাজ্ঞা,1
অমান্য,1
তথ্য,1
ভোক্তাঅধিকার,1
সংরক্ষণ,1
মার্কবিহীন,1
তুলার,1
সুতা,1
বিক্রয়ের,1
সরানোর,1
অপরাধে,1
অর্থদণ্ড,1
নেপালের,1
ছিয়াত্তরের,1
কাল,1
কারাবরণ,1
জৈনুদ্দিনের,1
‘আবোলতাবোল’,1
প্রশ্নের,1
কিছুটা,1
মডিফাই,1
উৎপাদনের,1
উপাদানগুলো,1
হওয়া,1
সত্বেও,1
‍ত্রিভুজ,1
সর্বসম,1
নাও,1
পারমাণবিক,1
চুল্লিতে,1
তাপ,1
পরিবাহক,1
শক্তিশালী,1
গণমাধ্যমের,1
অনুপস্থিতি,1
অন্তরায়,1
‘Elephant,1
Pass’,1
সভ্যতার,1
প্রতিচ্ছবি,1
‘ডেটন,1
শান্তিচুক্তি’,1
উপসর্গের,1
প্রত্যয়ের,1
চার্লসের,1
সূত্র,1
এশিয়ার,1
প্রশাসনিক,1
ট্রাইব্যুনাল,1
সন্নিবেশিত,1
‘পলল,1
পাখা’,1
ভূমিরূপ,1
গড়ে,1
উঠে,1
প্রজাতি,1
গবেষণাগার,1
CD,1
সরলরেখাদ্বয়,1
‘O’,1
বিন্দুতে,1
‘বাঙ্গলা,1
ইতিবৃত্ত’,1
সংখ্যায়,1
13x,1
ভাষণের,1
সময়কালে,1
পাকিস্তানে,1
চলছিল,1
সন্তান,1
দুধেভাতে’—এই,1
মনােবাঞ্ছাটি,1
‘কবর’,1
সোডিয়াম,1
ক্লোরাইড,1
NaCl,1
কেলাসের,1
কীরূপ,1
‘মানুষের,1
তবুও,1
মানব,1
যায়’,1
কাব্যাংশ,1
কারিগরি,1
সহায়তা,1
সমন্বয়ের,1
দায়িত্ব,1
পালনকারী,1
কেন্দ্রীয়,1
সাহিত্যিক,1
স্রষ্টা,1
লোকসভার,1
অংশকে,1
অভিধান,1
সংকলন,1
আশুগঞ্জ,1
ফার্টিলাইজার,1
কেমিক্যাল,1
লিমিটেড,1
এএফসিসিএল,1
কারখানায়,1
‘কাশবনের,1
সংসদীয়,1
পুনঃপ্রবর্তিত,1
সেপ্টেম্বর,1
সাক্ষরতা,1
শূন্যস্থান,1
পূরণ,1
লেখার,1
দায়িত্ব,1
ন্যস্ত,1
word,1
বিট,1
পক্ক,1
পাথফাইন্ডারএর,1
মঙ্গলে,1
অবতরণ,1
সূর্য,1
পৃষ্ঠের,1
উত্তাপ,1
তখন,1
তুমি,1
ক্রয়,1
চীনের,1
জিনজিয়াং,1
Xinjiang,1
প্রদেশের,1
গােষ্ঠীর,1
‘তত্ত্ববোধিনী’,1
৯×৭,1
৩৫৪৫,1
৪×৩,1
১৫২০,1
৬×৮,1
টাইপ,1
সহযোগে,1
ব্যাকরণ,1
ডিজিট্যাল,1
ঘড়ি,1
ক্যালকুলেটরে,1
কালচে,1
অনুজ্জ্বল,1
ফুটে,1
ভিত্তিতে,1
‘পাখি,1
রব,1
রাত্রি,1
পহাইল’,1
পঙ্‌ক্তির,1
হৃৎপিণ্ড,1
পেশি,1
১৯২,1
কমালে,1
পরিসীমাবিশিষ্ট,1
বর্গাকার,1
বিষয়ের,1
‘সাত,1
সাগরের,1
মাঝি’,1
দ্বিপদ,1
নামকরণে,1
দ্বিতীয়,1
নামটি,1
প্রবচন,1
ব্যবহারিক,1
বহুমুখী,1
প্রাকপ্রাথমিক,1
বাস্তবায়নের,1
মাধ্যম,1
নদীটির,1
উৎপত্তিস্থান,1
পৃথিবীতে,1
ল্যাপটপ,1
এটা,1
অণুজীব,1
বিজ্ঞানের,1
বাগধারা,1
যুগলদের,1
জোড়া,1
সমার্থবাচক,1
pএর,1
4x²,1
‘কাঁঠালপাড়া’য়,1
অলঙ্কার,1
প্রধানত,1
সাবেক,1
ড,1
মোহাম্মদ,1
গণভবন,1
আয়তনে,1
‘চাচা,1
কাহিনীর’,1
স্মৃতিসৌধের,1
নিঃশ্বাসের,1
স্বল্পতম,1
প্রয়াসে,1
উচ্চারিত,1
ধ্বনিগুচ্ছকে,1
বাক্‌,1
বাগদান,1
সন্ধিটি,1
বৈদেশিক,1
মুদ্রা,1
অর্জনকারী,1
মানবাধিকার,1
‘Null,1
Void’,1
পরিভাষা,1
৬৪এর,1
Yalta,1
Conference–এর,1
লোকশিল্প,1
জাদুঘর,1
পোস্টাল,1
একাডেমি,1
প্রাণদ,1
মহীজ,1
ক্ষেত্র,1
√১৫৬০২৫,1
’আমার,1
চাবি,1
হাতে’,1
গানটির,1
কলমের,1
উল্টোটা,1
কালি,1
পড়ে’,1
বলেছেন,1
মাইক্রোসফটের,1
RESENT,1
RESERVE,1
বিভক্তহীন,1
শব্দকে,1
y3x2,1
3x2,1
জ্যামিতিক,1
BSTIএর,1
অভিব্যক্তি,1
স্ক্রু,1
ঘড়ির,1
কাঁটার,1
ঘূর্ণন,1
গতির,1
√5,1
আঞ্চলিকআন্তর্জাতিক,1
প্রতিষ্ঠানটির,1
ঢাকায়,1
বাংলায়,1
সেন,1
বংশের,1
১০৭০১২৩০,1
খ্রিষ্টাব্দ,1
শাসনকর্তা,1
সিনেমাস্কোপ,1
প্রজেক্টারে,1
লেন্স,1
নাট্যকার,1
নাট্যগ্রন্থ,1
‘অক্ষির,1
সমীপে’র,1
সংক্ষেপ,1
আবদুর,1
বলেছিল,1
‘আগামীকাল’,1
বাণিজ্যের,1
এসেছিল,1
জীবনঢুলী,1
তো,1
ভারি,1
ছবি,1
আঁক’,1
বাক্যটিতে,1
প্রকারের,1
অব্যয়,1
‘ঙ,1
ঞ,1
ণ,1
…’,1
ধারার,1
অক্ষর,1
০৪×০০২×০০৮,1
শূন্য,1
বেগ,1
ইসলামী,1
স্মার্টফোন,1
সিস্টেমটি,1
ওপেন,1
সোর্স,1
প্লাটফর্ম,1
‘সকল,1
দৃষ্টিতে,1
অধিকারী’,1
বর্ণিত,1
ছবিতে,1
ইঙ্গিত,1
বলেন,1
‘তার,1
বাবা,1
দাদার,1
ছেলে’,1
ছবির,1
START2,1
‘গ্লাসনস্ত,1
নীতি’,1
সিনেটের,1
আসন,1
বিচারপতি,1
যুদ্ধে,1
বীরত্বপূর্ণ,1
অবদানের,1
কতজনকে,1
বীর,1
উত্তম,1
East,1
London,1
মুনীর,1
চৌধুরীর,1
অনূদিত,1
‘চর্যাপদ’,1
জিয়া,1
সার,1
কারখানার,1
প্রদানকারী,1
শাসকদের,1
আমলে,1
বাংলাভাষী,1
অঞ্চল,1
‘বাঙ্গালা’,1
হয়ে,1
আইএমএফএর,1
সুলতানের,1
শাসনামলকে,1
স্বর্ণযুগ,1
সহস্রাব্দ,1
লক্ষ্যসমূহের,1
সময়সীমা,1
নির্ধারণ,1
“কালকূট”,1
বামদিকে,1
১৯৫২,1
জন্ম,1
দিয়েছিল,1
ইউনিয়নের,1
সিরামিক,1
উপাদানের,1
জমির,1
লবণাক্ততা,1
নিয়িন্ত্রণ,1
‘সপ্তকাণ্ড,1
রামায়ণ’,1
বাগধারার,1
‘Intellectual’,1
ডিভাইসটি,1
আবাসিক,1
বাড়ির,1
বর্তনীতে,1
সার্কিট,1
ব্রেকার,1
x³x²y,1
x²y,1
xy²,1
ল,1
সাগু,1
অবশিষ্ট,1
EDSAC,1
ডাটা,1
সংরক্ষণের,1
হতো,1
রাজনীতির,1
পঞ্চাশ,1
বছর’,1
‘আরব,1
বসন্ত’,1
গ্রামীণ,1
সমাজ,1
জীবনের,1
চিত্র,1
প্রাধান্য,1
করেনি,1
পারসোনাল,1
FIFA,1
বানানে,1
দ্বিরুক্ত,1
শব্দদুটি,1
হয়‒,1
‘প্রভাবতী,1
সম্ভাষণ’,1
বেনেলাক্স,1
BENELUX,1
দেশগুলোকে,1
১৩৩৪,1
BRICS,1
উদারনৈতিক,1
ঐতিহ্যভাবনার,1
ধারক,1
পাখি‒,1
৬টার,1
ঠিক,1
৬টায়,1
সেকেন্ড,1
১২টার,1
ব্যবধানে,1
বাজে,1
∈N,1
8,1
‘যিনি,1
বিদ্বান,1
সর্বত্র,1
আদরণীয়’এটি,1
ROSEকে,1
6821,1
CHAIRকে,1
73456,1
PREACHকে,1
961473,1
SEARCHএর,1
কোড,1
WI,1
MAX,1
পূর্ণরূপ,1
বাহনই,1
প্রসূতিও’,1
মন্তব্যটি,1
ভাষাচিন্তকের,1
ব্রহ্মপুত্র,1
নদ,1
হিমালয়ের,1
শৃঙ্গ,1
উৎপন্ন,1
মৌমাছির,1
‘কল্লোল’,1
“সূর্য”,1
সেন্টমার্টিন,1
2FA,1
হেক্সাডেসিমেল,1
সংখ্যাটিকে,1
অক্টালে,1
রূপান্তর,1
নেটওয়ার্ক,1
টপােলজিতে,1
হাব,1
hub,1
ব্লুইকোনমির,1
চ্যালেঞ্জ,1
‘বত্রিশ,1
সিংহাসন’,1
হরিপুরে,1
তেল,1
দ্রবীভূত,1
ঈশ্বরচন্দ্র,1
জাহিদ,1
কমানোর,1
হ্রাসকৃত,1
বাড়ানো,1
কতটুকু,1
রেল,1
স্টেশনের,1
ট্রেনেই,1
গতিতে,1
গন্তব্যস্থলে,1
পৌঁছাতে,1
প্রত্যেক,1
স্টেশনে,1
পৌঁছানো,1
কয়টা,1
‘Republic’,1
1√2,1
√2,1
…ধারাটির,1
8√2,1
চীনামাটির,1
সন্ধান,1
গেছে,1
দুর্যোগ,1
পর্যায়ক্রম,1
সাজাতে,1
হিলি,1
স্থল,1
বন্দরটি,1
কবিতাটি,1
মানবসৃষ্ট,1
আপদ,1
hazard,1
চতুর্ভুজের,1
চার,1
অণুপাত,1
জেমস্,1
ওয়েব,1
টেলিস্কোপ,1
রেডিয়েশন,1
জীব,1
নিঃশ্বাস,1
টেলিভিশনের,1
সনে,1
কিশোরী,1
প্রতিষ্ঠানটি,1
হরিনাথ,1
মজুমদার,1
সোডিয়াম,1
এসিটেটের,1
ঔষধ,1
পার্ক,1
কম্পিউটারে,1
ইন্টারনেটের,1
কপি,1
ইন্টারনেট,1
জগতে,1
hyperlinked,1
document,1
গুলোর,1
কালেকশানকে,1
মার্কিন,1
অধিষ্ঠিত,1
লোহাকে,1
গ্যালভানাইজিং,1
ভুল,1
মেক্সিকো,1
বিভক্তকারী,1
সীমারেখা,1
World,1
Report,1
প্রকাশনা,1
বলের,1
প্রান্তিক,1
সুইডেন,1
Group,1
SevenG7,1
মুঘল,1
সম্রাট,1
‘জান্নাতাবাদ’,1
উন্নয়নশীল,1
দেশসমূহের,1
বৈশ্বিক,1
‘জি৭৭’,1
বেগম,1
রোকেয়ার,1
‘চাঁদমুখ’,1
ব্যাসবাক্য,1
‘করনার,1
স্টোন,1
পিস’,1
স্মৃতিসৌধটি,1
সম্প্রতি,1
FAO,1
xy2,1
x²y²4,1
x³y³,1
‘আনারস’,1
‘চাবি’,1
করেছে—,1
তেভাগা,1
আন্দোলনকেন্দ্রিক,1
log,1
ax1,1
logay2,1
logaz3,1
logax3y2z,1
খাসিয়া,1
গ্রামগুলো,1
তিব্বত,1
৬দফাকে,1
2x,1
পৃথক,1
উল্লেখ,1
‘সমাচার,1
‘ট্রাফালগার,1
স্কোয়ার’,1
মুনাফাআসলে,1
5500,1
মুনাফা,1
আসলের,1
38,1
মুনাফার,1
রাষ্ট্রপ্রধান,1
রাষ্ট্রপ্রধানের,1
ভোগ,1
2×3,1
812,1
4×5,1
1620,1
×7,1
সর্বদক্ষিণে,1
‘লাপাত্তা’,1
‘লা’,1
এসেছে,1
প্রাইমারি,1
পথে,1
১০১০,1
৯৪০,1
রাজশাহী,1
পৌঁছল,1
সংগঠনটি,1
‘Soft,1
Ioan,1
Window’,1
উপকূলীয়,1
সমভূমিতে,1
বসবাসকারী,1
জনগোষ্ঠী,1
কবলিত,1
“একুশ,1
মাথা,1
নত,1
করা”,1
অমর,1
পঙ্ক্তির,1
√4,1
1x3,1
হিরোশিমায়,1
এটম,1
বোমা,1
ইচ্ছেমত,1
নিলে,1
সে,1
গুণিতক,1
কেন্দ্রীয়,1
‘আগুন’,1
প্রেক্ষাপটে,1
‘Uniting,1
peace,1
resolution’,1
ফিশারিজ,1
ট্রেনিং,1
হিমোগ্লোবিনের,1
শ্যামদেশ,1
পুরাতন,1
রকীব,1
সাহেব,1
৩৭৩৮৩৩,1
ব্যাংকে,1
৭১২,1
পেলেন,1
অত্যাবশ্যকীয়,1
অ্যামাইনো,1
এসিডের,1
আত্মজীবনীমূলক,1
বেসকারি,1
বিল,1
‘ইয়ং,1
বেঙ্গল’,1
গোষ্ঠীর,1
মুখপত্ররূপে,1
বাংলাদেশভারত,1
চুক্তির,1
মেয়াদ,1
উফশি,1
ধান,1
এখনো,1
শেয়ারবাজার,1
নিয়ন্ত্রণ,1
নাটকে,1
অনুসৃত,1
শিল্পতত্ত্ব,1
গোলার্ধে,1
অষ্টম,1
গুচ্ছের,1
বর্ণনানুক্রমিকভাবে,1
সাজানো,1
আর্ন্তজাতিক,1
পালিত,1
‘সুশিক্ষিত,1
মাত্রই,1
স্বশিক্ষিত’,1
উক্তিটি,1
ভালোমন্দ,1
২৩২৩⁻¹⁻¹,1
দীনবন্ধু,1
মিত্রের,1
প্রহসন,1
বৈদ্যুতিক,1
পাখা,1
ঘুরলে,1
পরমাণু,1
Atom,1
চার্জ,1
পরমাণুতে,1
পূর্বশর্ত,1
ডাটাবেজ,1
ল্যাংগুয়েজ,1
ভিন্নার্থে,1
ভারসাম্যপূর্ণ,1
সাঁতার,1
কাটা,1
সহজ,1
মূল্যবােধের,1
আকৃতি,1
কাজের,1
প্রকৃতিভেদে,1
আবরণী,1
টিস্যু,1
‘আগুনপাখি,1
NASA,1
অন্ধদের,1
লিখনরীতির,1
উদ্ভাবন,1
ষ্টেটএ,1
নির্বাচকমন্ডলীর,1
ভোটের,1
Electoral,1
Vote,1
‘ভিক্টোরিয়া,1
ডিজার্ট’,1
পর্তুগিজ,1
আত্মীকরণ,1
১৯৬৬,1
দফার,1
অর্থনীতি,1
বিষয়ক,1
নিয়ন্ত্রণে,1
Values,1
আয়তকার,1
ক্ষেত্রফলের,1
৭ই,1
মার্চের,1
ভাষণ,1
তফসিলে,1
অঞ্চলকে,1
আউলিয়ার,1
অন্যদের,1
আলাদা,1
‘অসমাপ্ত,1
আত্মজীবনী’,1
আলুটিলা,1
গুহা,1
‘বটতলার,1
উপন্যাস’,1
বাহুগুলোর,1
সমকোণী,1
ত্রিভুজ,1
অঙ্কন,1
চাঁদে,1
শোনা,1
যাবে,1
ঘ,1
বিকল্প,1
নকশার,1
প্রশ্নবােধক,1
ঘরে,1
নকশাটি,1
বসবেhttpsweblivemcqcomjobsolutionbcsquestionbank43bcsquestionsolutionpdf,1
আয়তক্ষেত্রের,1
‘আসিয়ান’,1
জোটভুক্ত,1
বিক্রয়মূল্যের,1
বিশ্ববিদ্যালয়ের,1
উপাচার্য,1
ব্যাডমিন্টন,1
খেলা,1
ঢোকার,1
গঙ্গা,1
ব্রহ্মপুত্রযমুনার,1
জায়গায়,1
মেশে,1
হাইড্রোজেন,1
জারক,1
আলেপ্পো,1
শহরটি,1
‘সর্বদলীয়,1
সংগ্রাম,1
কমিটি’,1
২০২২,1
G20,1
শীর্ষ,1
বৈঠক,1
যেসব,1
নিউক্লিয়াসের,1
নিউট্রন,1
কিন্তু,1
ভরসংখ্যা,1
এশীয়,1
লেনদেন,1
এফেক্টের,1
পরিণতিতে,1
গুরুতর,1
বাংলাদেশর,1
আয়ে,1
রেডিমেড,1
গার্মেন্টসএর,1
‘শহীদ,1
বুদ্ধিজীবী,1
দিবস’‒,1
রাষ্ট্রব্যবস্থা,1
উদ্ভবের,1
সময়কাল,1
‘বুক,1
হৃদয়’,1
বায়ুমণ্ডলের,1
চাপের,1
ভূগর্ভস্থ,1
লিফট,1
পাম্পের,1
সাহায্যে,1
গভীরতা,1
উঠানো,1
2x21x3,1
বিশ্বকাপ,1
ক্রিকেট,1
২০২৩এ,1
খেলোয়াড়,1
রান,1
রং,1
দূর,1
এনজিও,1
প্লাস্টি,1
ব্যক্তিকে,1
symbols,1
icon,1
visual,1
metaphor,1
সংযোগ,1
স্থাপনে,1
ভূমিকা,1
পালন,1
তড়িৎ,1
রােধ,1
অর্ধেকের,1
বর্গের,1
SDR,1
Special,1
Drawing,1
Rights,1
সুবিধা,1
প্রবর্তনের,1
গঠনতন্ত্র,1
Articles,1
নাইট্রোজেনের,1
নিকারাগুয়ার,1
‘কন্ট্রা’,1
বিদ্রোহীরা,1
সমর্থনপুষ্ট,1
নৌকার,1
বৈঠা,1
বাঁকা,1
পদার্থটি,1
অচৌম্বক,1
মুর্শিদাবাদে,1
ক্রীতদাস,1
বিলোপকারী,1
প্রেসিডেন্টের,1
পাকিস্তানের,1
গণপরিষদের,1
অধিবেশনে,1
বাংলাকে,1
উত্থাপন,1
‘গীতগোবিন্দ’,1
জয়দেব,1
সভাকবি,1
সরকারি,1
কর্মকমিশন,1
নং,1
বিভাগে,1
সাক্ষরতার,1
এপিকালচার,1
বিশ,1
শতকের,1
বাসস,1
বাতাসের,1
মানবদেহে,1
রক্তের,1
অক্সিজেন,1
পরিবহন,1
খর্ব,1
হিমছড়ি,1
নিকট,1
Bluetooth,1
প্রত্যেকটির,1
3√3,1
মেশিন,1
মেশিনে,1
ইমেইল,1
মেসেজ,1
স্থানান্তর,1
TCPIP,1
খাদ্যে,1
প্রোটিন,1
টেলিফোনের,1
তফসিল,1
জীবজগতের,1
জন্যে,1
ক্ষতিকারক,1
রশ্মি,1
আইনস্টাইন,1
নােবেল,1
দৃঢ়,1
জ্বালানি,1
পোড়ালে,1
সালফার,1
ডাইঅক্সাইড,1
লোকসাহিত্য,1
ফোর্ট,1
উইলিয়াম,1
কলেজের,1
অধ্যক্ষ,1
মীর,1
মশাররফ,1
হোসেনের,1
গল্পকারের,1
গল্পে,1
ম্যাজিক,1
রিয়েলিজমের,1
প্রতিফলন,1
ঘটেছে,1
‘পদ’,1
পাদদেশ,1
দূরের,1
শীর্ষবিন্দুর,1
উন্নতি,1
30°,1
”পুরষ্কারবিতরণী,1
অনুষ্ঠানের,1
এত,1
‘অপরিস্কার”,1
বাক্যটির,1
নিম্নরেখ,1
পদে,1
ষস,1
ব্যবহারে,1
ব্যাসার্ধ,1
বৃত্তের,1
অন্তঃস্থ,1
ককপিট,1
দেশকে,1
7,1
‘বঙ্গভঙ্গ’,1
কালে,1
ভাইসরয়,1
G7,1
ভূক্ত,1
অণু,1
বনাঞ্চল,1
প্রতিনিয়ত,1
লবণাক্ত,1
প্লাবিত,1
‘নাসা’,1
বাগান,1
পিএলওএর,1
ট্রপিক্যাল,1
সাইক্লোন,1
সৃষ্টির,1
সাগরপৃষ্ঠের,1
তাপমাত্রা,1
হওয়া,1
প্রয়ােজন,1
নামের,1
উৎপত্তির,1
গ্রন্থে,1
উল্লেখিত,1
নর্থ,1
ট্রিটি,1
অর্গানাইজেশন,1
সাংসারিক,1
ঔপন্যাসিকের,1
জনপ্রতি,1
Octal,1
Decimal,1
৫৫এর,1
সমতুল্য,1
নৌবাহিনীর,1
প্রতীক,1
p0,1
p,1
যতজন,1
ছাত্রছাত্রী,1
প্রত্যেকে,1
পয়সার,1
আরও,1
পয়সা,1
চাঁদা,1
দেওয়ায়,1
উঠল,1
ছাত্রছাত্রীর,1
২০১৮,1
জানুয়ারি,1
‘বিদ্যাসাগর,1
সমাজ’,1
জারণ,1
প্রক্রিয়া,1
নেটওয়ার্কে,1
LANএর,1
একাধিক,1
ডিভাইসকে,1
WANএর,1
ফাহাদের,1
সৌদি,1
শ্রীলঙ্কার,1
জাতির,1
জাতিগোষ্ঠীর,1
নিষিদ্ধ,1
মাধ্যাকর্ষণজনিত,1
ত্বরণ,1
বাড়লে,1
সেখানে,1
দোলকের,1
দোলনকাল,1
বাড়বে,1
কমবে,1
মালদ্বীপের,1
পশ্চিম,1
তিমুরএর,1
এম্বেডেড,1
সিস্টেমে,1
সাধারণত,1
আলুর,1
জাত,1
ফায়ারওয়ালের,1
‘বাঁধন,1
হারা’,1
৪৪০,1
সংখ্যাগুলোর,1
দৈবচয়ন,1
পদ্ধতিতে,1
বর্গসংখ্যা,1
হওয়ার,1
নেলসন,1
ম্যান্ডেলার,1
দলের,1
উত্তরাংশ,1
বগুড়ার,1
পশ্চিমাংশ,1
রংপুর,1
দিনাজপুরের,1
কিছু,1
গঠিত‒,1
রামমোহন,1
ব্যাকরণের,1
গড্ডলিকা,1
প্রবাহ’,1
বাগধারায়,1
‘গড্ডল’,1
বিদ্যাপতি,1
মূলত,1
উদ্দেশ্য,1
Timeshared,1
OS,1
sheduling,1
policy,1
ভাল,1
বজ্রবৃষ্টির,1
মাটিতে,1
উদ্ভিদের,1
ইউরেনিয়ামে,1
238U,1
আইসোটোপ,1
সীমানা,1
‘আনন্দমঠ’,1
মুক্তিযুদ্ধের,1
সর্বাধিনায়ক,1
‘কেন,1
পান্থ,1
ক্ষান্ত,1
হও,1
হেরি,1
দীর্ঘ,1
পথ’,1
18,1
∩,1
নেতা,1
এতে,1
বাতিল,1
নি,1
২০১৯,1
Wimbledon,1
টেনিস,1
প্রতিযোগিতায়,1
men’s,1
singles,1
চ্যাম্পিয়ন,1
‘সূর্য,1
প্রতিশব্দ,1
অঞ্চলে,1
গোচারণের,1
বাথান,1
‘তাপ’,1
বিপরীতার্থক,1
মিয়ানমারে,1
১৯৯০,1
মে,1
মাসে,1
নির্বাচনে,1
বিপুলভাবে,1
বিজয়ী,1
পার্টি,1
জান্তার,1
কাছ,1
পারেনি,1
Wisdom,1
অর্থ—,1
‘The,1
Origin,1
Bengali,1
Language’,1
‘ড্রাই,1
আইস’,1
dry,1
ice,1
কাঠের,1
দৈর্ঘ্যর,1
টুকরো,1
দুটো,1
টুকরোটির,1
দ্রব্য,1
৩৮০,1
করায়,1
কবিগান,1
গায়ক,1
এরা,1
উভয়েই,1
নাগাদ,1
দাঁড়াবে,1
‘ক্ষমার,1
যোগ্য’,1
সংকোচন,1
মনসা,1
দেবীকে,1
বিজয়গুপ্তের,1
মঙ্গলকাব্যের,1
‘ঠক,1
চাচা’,1
চরিত্রটি,1
সমীক্ষা,1
২০১৯২০,1
অর্থবছরে,1
চামড়ার,1
সমটান,1
টানা,1
তারের,1
কম্পনাঙ্কের,1
কতটা,1
ঘটবে,1
৫টি,1
খ্যাতিমান,1
ছদ্মনামে,1
লিখতেন,1
MDGএর,1
বিশ্বব্রহ্মাণ্ডের,1
ভোল্টেজ,1
রোধ,1
ক্যান্সার,1
বৃহত্তর,1
জেলা,1
গ্রীণ,1
ইফেক্টের,1
হযরত,1
মুহম্মদ,1
স,1
জীবনী,1
নাগাল্যান্ড,1
রাজ্যের,1
নববর্ষ,1
পহেলা,1
বৈশাখ,1
করেছিলেন,1
আর্গন,1
বিদ্যমান,1
পাললিক,1
শিলা,1
Scanner,1
শরৎচন্দ্রের,1
বাজেয়াপ্ত,1
৪টা,1
বেজে,1
৬টা,1
কতক্ষণ,1
বাকি,1
অগ্নিনির্বাপক,1
অগ্নিতে,1
‘সাজাহান’,1
রচিয়তা,1
স্বল্প,1
উপস্থাপন,1
আম,1
ক্রয়,1
Choose,1
best,1
translation,1
‘কর্তৃপক্ষ,1
তিরস্কার,1
করলো’,1
from,1
alternatives,1
below,1
সমূহের,1
সীমান্তবর্তী,1
রাজ্য,1
অতিরিক্ত,1
দারিদ্রতম,1
জনগোষ্ঠীকে,1
দিয়ে,1
বিদেশে,1
সুনাম,1
কুড়িয়েছে,1
প্রাচীন,1
‘চন্দ্রদ্বীপ’,1
সিটি,1
কর্পোরেশনের,1
মেয়র,1
১৭২৫,1
বিশ্বের,1
প্রাচীনতম,1
রেস্তোরাঁ,1
রেস্তোরাঁর,1
অভিবাসী,1
শ্রমিকদের,1
গন্তব্যস্থল,1
ভূপৃষ্ঠের,1
সৌরদীপ্ত,1
অন্ধকারাচ্ছন্ন,1
সংযোগস্থলকে,1
গঙ্গার,1
“ঐ,1
ক্ষেপেছে,1
পাগলি,1
মায়ের,1
ছেলে”কে,1
মকরক্রান্তি,1
রেখা,1
Cozy,1
Bear,1
বিগত,1
কপ২৬,1
এসছিলেন,1
ষড়ঋতু,1
সন্ধি,1
বিচ্ছেদ,1
মুক্তিযুদ্ধভিত্তিক,1
নৃগােষ্ঠীর,1
অ্যানোডে,1
বিক্রিয়া,1
সিভিল,1
সার্ভিসের,1
ক্যাডার,1
ত্রিভুজাকৃতি,1
৮৪,1
বর্গগজ,1
শীর্ষবিন্দু,1
অংকতি,1
লম্বের,1
গজ,1
বৃদ্ধির,1
ব্যাপকভাবে,1
ক্ষতিগ্রস্ত,1
দৈর্ঘ্য‒,1
সালােকসংশ্লেষণে,1
সূর্যের,1
আলাের,1
রাসায়নিক,1
শক্তিতে,1
কর্মদক্ষতা,1
হার্ট,1
রক্ত,1
বাইরে,1
রক্তনালী,1
‘চাঁদের,1
অমাবস্যা’,1
যুবকশিক্ষকের,1
কার্পজাতীয়,1
রেণুর,1
নাটকটি,1
‘পদাবলী’র,1
”সব,1
কটা,1
জানালা,1
খুলে,1
দাও,1
না”,1
গীতিকার,1
হাওর,1
সন্নিহিত,1
সমকোণ,1
অপরটির,1
সংক্রান্ত,1
২০৩০,1
এজেন্ডা,1
The,1
2030,1
Agenda,1
Sustainable,1
goals,1
মহাজাগতিক,1
রশ্মির,1
আবিস্কারক,1
‘বন্যেরা,1
বনে,1
শিশুরা,1
মাতৃক্রোড়ে’,1
উক্তিটির,1
প্রকৃত,1
তাৎপর্য,1
’অচিন’,1
‘অ’,1
পবিত্রভূমি,1
কোনটিকে,1
দ্বন্দ্ব,1
সমাসের,1
হরপ্রসাদ,1
শাস্ত্রীর,1
নৃগোষ্ঠী,1
‘মনিপুরী’,1
বসবাস,1
address,1
generate,1
‘International,1
Institute,1
on,1
Ageing’,1
রাজস্ব,1
আয়,1
চিরস্থায়ী,1
সম্পর্কের,1
তত্ত্বটি,1
প্রতিষ্ঠানের,1
কার্যকরী,1
ভূমিকার,1
বিষয়ে,1
ইতিবাচক,1
ধারণা,1
‘বেঙ্গল,1
ফ্যান’ভূমিরূপটি,1
ধ্বনিপরিবর্তনের,1
শিব,1
রাত্রির,1
সলতে,1
বাগধারটির,1
শক্তির,1
বীরশ্রেষ্ঠ,1
হামিদুর,1
রহমানের,1
পদবী,1
ড্রাইসেলে,1
ইলেকট্রোড,1
পরোক্ষ,1
বস্তুটিকে,1
পূর্ণসংখ্যার,1
উন্নয়নের,1
সিপিইউ,1
গ্রহণের,1
অপটিক্যাল,1
ফাইবারে,1
ঘটনাটি,1
আওয়ামী,1
লীগের,1
ছয়দফা,1
আহ্বান,1
কাব্যগ্রন্থে,1
সংকলিত,1
বয়স্ক,1
ভাতা,1
cosnπ2,1
অনুক্রমটির,1
জীবনানন্দ,1
দাশের,1
‘হুলিয়া’,1
২০১১,1
আদমশুমারি,1
নারীপুরুষের,1
নিম্নমধ্যম,1
তালিকাভুক্ত,1
ইন্টারপোলের,1
অনুসারে,1
৩য়,1
বীরত্বসূচক,1
খেতাব,1
‘মোস্তফা,1
চরিত’,1
৩টি,1
লেবু,1
উদ্ভিদে,1
গাড়ির,1
চাকা,1
মিনিটে,1
ঘোরে,1
চাকাটি,1
ঘুরবে,1
বাগদা,1
চিংড়ি,1
দশক,1
নিয়মিত,1
জলজ,1
উদ্ভিদ,1
সহজে,1
ভাসতে,1
সৈয়দ,1
মুজতবা,1
আলীর,1
প্রবন্ধ,1
শিশুর,1
মনস্তাত্ত্বিক,1
চাহিদা,1
পূরণে,1
জরুরি,1
যাদের,1
বুদ্ধ্যঙ্ক,1
ঊর্ধ্বে,1
পঞ্চভুজের,1
উচ্চারণের,1
রীতি,1
উচ্চমধ্যসম্মুখ,1
স্বরধ্বনি,1
নির্দেশিত,1
কেজি,1
হবেhttpsweblivemcqcomjobsolutionbcsquestionbank40thbcsquestionsolutionpdf,1
যৌগিক,1
রবীন্দ্রনাথের,1
‘লবণ’,1
গীতাঞ্জলির,1
ইংরেজি,1
অনুবাদ,1
সম্পাদনা,1
ABC,1
ত্রিভুজে,1
৪৮°,1
E,1
F,1
ACকে,1
EF,1
BC,1
∠A,1
∠AFE,1
a²,1
b²,1
c²,1
29,1
ab,1
bc,1
ca,1
‘মোসলেম,1
ভারত’,1
সাহিত্য,1
“তিনি,1
কথা”,1
সুপরিবাহী,1
পদার্থে,1
valence,1
conduction,1
ভবিষ্যতের,1
জলবায়ু,1
পরিবর্তনের,1
ক্ষতিকর,1
প্রভাব,1
মোকাবেলায়,1
সাহায্যের,1
কলা,1
কৃদন্ত,1
পূর্ববর্তী,1
পদকে,1
সম্পাদনায়,1
‘সংবাদ,1
প্রভাকর’,1
পদার্থের,1
কণা,1
প্রক্রিয়ায়,1
অংশগ্রহণ,1
abx3,1
bax5,1
2020,1
অলিম্পিক,1
গেমস,1
বিলের,1
কিভাবে,1
হংকং,1
প্লেন,1
নিউইয়র্কে,1
দিনের,1
সময়কালকে,1
অপেক্ষাকৃত,1
8x,1
8y,1
y²,1
পূর্ণবর্গ,1
‘শুভলং’,1
ঝরনা,1
জগতের,1
উৎপত্তি,1
বংশ,1
সম্বন্ধীয়,1
বিদ্যাকে,1
সালফেটকে,1
চলতি,1
বাজারে,1
ব্ল্যাক,1
চামড়া,1
পরিচিতি,1
‘বিষবৃক্ষ’,1
চরিত্র,1
‘প্রতিযােগিতা’য়,1
সবসময়,1
‘League,1
Arab,1
States’,1
কোনাে,1
নাগরিকের,1
লঙ্ঘিত,1
অনুচ্ছেদের,1
বিধান,1
মামলা,1
পারেন,1
Apache,1
০০৩,1
০১২,1
০৪৮,1
শূন্যস্থানে,1
ডায়বেটিস,1
রোগ,1
সম্পর্কে,1
তথ্যটি,1
‘বেল্ট,1
রোড’,1
নাগরিকগণ,1
বাংলাদেশী,1
চিনির,1
পাওয়াতে,1
এমনিভাবে,1
পেল,1
বাগযন্ত্রের,1
জার্মানি,1
ব্যতিরেকে,1
জার্মান,1
ইউনিয়নের,1
7x,1
≤,1
বাক্যে,1
কল্পতরু,1
পোষাগরু’,1
কবিতাংশটির,1
মস্তিষ্ক,1
তন্ত্রের,1
যুদ্ধকাব্যের,1
নন,1
মাসিক,1
মোহাম্মদী,1
দুর্গের,1
অভ্যন্তরের,1
সমাধিতে,1
সমাহিত,1
শায়েস্তা,1
খানের,1
কন্যার,1
‘বলাকা’,1
ফসলের,1
RFID,1
বােঝায়,1
‘গ্রামবার্তা,1
প্রকাশিকা’,1
রপ্তানিকারক,1
‘অ্যাকোয়া,1
রেজিয়া’,1
ডেঙ্গু,1
জ্বরের,1
বাহক,1
‘অনলপ্রবাহ’,1
‘তেল,1
নুন,1
লকড়ি’,1
ওপেক,1
OPEC,1
সংঘ,1
উদ্যোগ,1
করেছিল,1
সুয়েজ,1
খাল,1
স্বরসন্ধির,1
দৃষ্টান্ত,1
বর্ণের,1
4√2,1
বাঙালির,1
মুক্তির,1
সনদ,1
‘ছয়,1
দফা’,1
আনুষ্ঠানিকভাবে,1
ঘােষণা,1
১১২৩৫১৩,1
জুলাই,1
অভ্যুত্থানের,1
পলায়ন,1
হাসিনা,1
সেক্টরে,1
নিকটতম,1
বর্গমিটারের,1
ওরাকল,1
কোনও,1
antivirus,1
সফটওয়্যার,1
‘তাসখন্দ,1
চুক্তি’,1
রাষ্ট্রের,1
চেতনার,1
বিপরীতে,1
শাসনকে,1
বৈধতা,1
দিতে,1
তফসিলের,1
অপব্যবহার,1
প্রজাতন্ত্রের,1
কর্তৃত্বে,1
নিচে,1
উল্লিখিত,1
নিরাপত্তা,1
অস্থায়ী,1
মানদণ্ডটি,1
সুখের,1
ফারাক্কা,1
বাঁধ,1
দূরে,1
2019,1
সমীক্ষায়,1
এশিয়ায়,1
বসবাসকারীদের,1
অঙ্কবিশিষ্ট,1
এককের,1
দশকের,1
অঙ্কদ্বয়ের,1
সমষ্টির,1
আসবে,1
জুম,1
ইসলামিক,1
ব্যাংককে,1
IDB,1
দেয়,1
চাঁদার,1
আচরণবিধি,1
Code,1
ethics,1
কার্টাগেনা,1
দ্রৌপদী,1
কমিশনারের,1
নিয়োগের,1
মেয়াদকাল—,1
বিশ্বব্যাপী,1
গ্রিন,1
নির্গত,1
বিদেশী,1
অতীতে,1
কখনো,1
উপনিবেশে,1
হয়নি,1
গ্যাসের,1
ক্রিকেটে,1
‘Friday,1
For,1
Future’,1
তড়িৎশক্তি,1
শব্দশক্তিতে,1
রূপান্তরিত,1
মোঘল,1
সম্রাটদের,1
লিখেছিলেন,1
নিউক্লিয়াসে,1
সতীদাহ,1
রহিত,1
fx,1
kx²,1
6x,1
k,1
f3,1
কাগমারী,1
‘V20’,1
গ্রুপ,1
কবিতার,1
আদিস্তরের,1
স্থিতিকাল,1
‘আদিবাসী,1
বর্ষ’,1
সালকে,1
করেছে,1
আইনে,1
পোনা,1
নিষেধ,1
‘তাম্বুলিক’,1
স্বীকৃতিদানকারী,1
সেচ,1
‘সর্বাঙ্গীণ’,1
প্রকৃতি,1
চিত্রকর্ম,1
চিত্রকর,1
ন্যাটোর,1
০৪৭˙,1
ভগ্নাংশে,1
‘রুখের,1
তেন্তুলি,1
কুমীরে,1
খাই’–এর,1
বঙ্গভঙ্গের,1
কারণে,1
প্রদেশ,1
গ্রিক,1
অন্ধকার,1
যুগ,1
CONIC,1
অক্ষরগুলো,1
বিন্যাস,1
কপ,1
সম্মেলনটি,1
নিপাের্ট,1
প্রতিষ্ঠান,1
কর্মকর্তা,1
হলেন,1
চন্দ্রঘোনা,1
কাগজ,1
কলের,1
5216,1
বাইনারী,1
রূপ,1
223,1
x3,1
ইয়ংবেঙ্গল,1
গোষ্ঠীভুক্ত,1
’ছিয়াত্তরের,1
ভয়াবহ,1
দূর্ভিক্ষ,1
আফ্রিকার,1
দেশগুলোর,1
ভৌগোলিক,1
সীমারেখার,1
এলাকাকে,1
‘Marine,1
Protected,1
Area,1
MPA’,1
সংখ্যায়,1
2x3≤1,1
উড়োজাহাজের,1
নির্ণায়ক,1
গবাদিপশুতে,1
ভ্রূণ,1
বদল,1
সিলেট,1
তীরে,1
রোটারি,1
প্রতিষ্ঠাতা,1
ঘৃর্ণনের,1
ছিটকিয়ে,1
পড়ি,1
রাঙানো,1
২১শে,1
ফেব্রুয়ারি’র,1
১০১১২,1
০১০১২,1
ব্যবস্থায়,1
নির্মিত,1
অক্ষরের,1
প্রয়োজন,1
ফুরাবার,1
হোল,1
মুনাফায়,1
চক্রবৃদ্ধি,1
Wifi,1
স্ট্যান্ডর্ডএর,1
ব্যক্তিগত,1
লালন,1
১৯৯৪,1
ডিসেম্বর,1
১৯৯৫,1
পিএলওইসরাইল,1
পারস্পরিক,1
দলিলে,1
এককভাবে,1
ABM,1
AntiBallistic,1
Missile,1
নিজেকে,1
প্রত্যাহার,1
গমের,1
মোজাইক,1
ভাইরাস,1
কীভাবে,1
ছড়ায়,1
ব্যক্তির,1
অলিম্পিকের,1
গ্রিনহাউজ,1
ভাষাকে,1
সংরক্ষিত,1
আসনের,1
এস,1
ওয়াজেদ,1
আলী,1
‘নীল,1
বিষবস্তু,1
এনজাইম,1
অ্যান্টিবডি,1
হরমোনএর,1
প্রকৃতিতে,1
বল,1
দুর্নীতিবিরােধী,1
কনভেনশনের,1
খনিজ,1
সম্পদ,1
সংস্থাটির,1
সচিবালয়,1
ব্রিটিশ,1
কলকাতা,1
দিল্লীতে,1
আফ্রিকা,1
শ্বেতাঙ্গ,1
শাসনে,1
বলছেন,1
‘আপনি,1
উল্টে,1
স্বামীর,1
বয়সে,1
যোগফলের,1
ভাগের,1
একভাগ’,1
চীনদেশের,1
ভ্রমণকারী,1
গুপ্তযুগে,1
আগমন,1
জ্বালানীর,1
O,1
কেন্দ্র,1
বৃত্তে,1
এক্স,1
বৃত্তস্থ,1
জ্যায়ের,1
উপরে,1
স্থিত,1
কেন্দ্রস্থ,1
৭০,1
তেজস্ক্রীয়,1
ঠাকুর’,1
ভিত্তিক,1
লগারিদম,1
ফেসবুকের,1
দফতর,1
গভীরতম,1
উপন্যাসএর,1
সুনামির,1
Tsunami,1
কোনটি,1
অপাদান,1
কারক,1
গুরুচণ্ডালী,1
দোষমুক্ত,1
প্রশান্ত,1
মহাসাগরে,1
সপ্তম,1
নৌবহরের,1
——,1
জারী,1
বিচ্ছিন্ন,1
শক্তি,1
শুদ্ধাচার,1
কৌশল,1
নীতিমালা,1
পাশ,1
৪৫তম,1
2x²5x3,1
‘বনফুল’,1
ভাষায়,1
‘WMD’,1
ঘরটির,1
পরিসীমা,1
বায়ুমন্ডলে,1
স্তরে,1
বেতার,1
তরঙ্গ,1
প্রতিফলিত,1
শ্রম,1
4√x3,1
x32,1
সনদে,1
ব্রিটিশদের,1
পক্ষে,1
পদাবলী’,1
12টি,1
5টি,1
প্রকারে,1
বাছাই,1
সর্বদাই,1
‘শর্তহীন,1
আদেশ’,1
ধারণাটির,1
জোড়াটি,1
বেমানান,1
উপসাগরীয়,1
পরিষদ,1
GCC,1
নয়া,1
ব্যবস্থার,1
প্রস্তাব,1
বিশেষ,1
‘ওআইসি’,1
অঙ্গসংস্থা,1
আকাবা,1
ইস্টের,1
সংশ্লিষ্টতা,1
শিল্পে,1
ইদানীং,1
সংসার,1
আপনি,1
৯২,1
বয়সী,1
মোহাম্মদএর,1
‘B’এর,1
চেয়ে,1
দুজন,1
ইলেক্ট্রনিক,1
গেইটের,1
লাজিক,1
শুধুমাত্র,1
প্রণয়ন,1
কমিটির,1
নিষ্ক্রিয়,1
গ্যাসে,1
Inert,1
gas,1
আটটি,1
ইলেকট্রন,1
আদমশুমারী,1
চায়,1
ইসরাইল,1
জায়গা,1
ফিলিস্তিনিদের,1
হস্তান্তর,1
সুদেআসলে,1
‘হরতাল’,1
গ্রীনহাউজ,1
ভায়াগ্রা,1
সার্থক,1
ট্রাজেডি,1
বর্গইঞ্চি,1
DC,1
ডালের,1
সংগে,1
ল্যাথারাইজম,1
দ্রুততায়,1
ট্রেনটি,1
চলবে,1
টেলিফোন,1
